number,domain
1,google.com
2,googleapis.com
3,facebook.com
4,apple.com
5,gstatic.com
6,microsoft.com
7,tiktokcdn.com
8,amazonaws.com
9,root-servers.net
10,googlevideo.com
11,doubleclick.net
12,apple-dns.net
13,ui.com
14,icloud.com
15,fbcdn.net
16,youtube.com
17,akadns.net
18,amazon.com
19,tiktokv.com
20,akamai.net
21,googlesyndication.com
22,googleusercontent.com
23,cloudflare-dns.com
24,akamaiedge.net
25,instagram.com
26,gvt2.com
27,ntp.org
28,cloudfront.net
29,live.com
30,whatsapp.net
31,netflix.com
32,office.com
33,spotify.com
34,aaplimg.com
35,bing.com
36,cdn77.org
37,cloudflare.com
38,app-measurement.com
39,one.one
40,snapchat.com
41,ytimg.com
42,yahoo.com
43,ttlivecdn.com
44,trafficmanager.net
45,google-analytics.com
46,azure.com
47,bytefcdn-oversea.com
48,msftncsi.com
49,amazon-adsystem.com
50,tiktokcdn-us.com
51,fastly.net
52,googleadservices.com
53,msn.com
54,criteo.com
55,twitter.com
56,cdninstagram.com
57,gvt1.com
58,pki.goog
59,digicert.com
60,office365.com
61,dns.google
62,facebook-hardware.com
63,microsoftonline.com
64,unity3d.com
65,googletagmanager.com
66,office.net
67,ggpht.com
68,skype.com
69,applovin.com
70,windows.net
71,sentry.io
72,roblox.com
73,example.com
74,linkedin.com
75,gmail.com
76,akamaized.net
77,windowsupdate.com
78,a2z.com
79,rubiconproject.com
80,doubleverify.com
81,taboola.com
82,bytefcdn-ttpeu.com
83,2mdn.net
84,sharepoint.com
85,samsung.com
86,mzstatic.com
87,windows.com
88,casalemedia.com
89,baidu.com
90,a-msedge.net
91,amazonalexa.com
92,azureedge.net
93,cdn-apple.com
94,epicgames.com
95,outlook.com
96,smartadserver.com
97,playstation.net
98,nr-data.net
99,adnxs.com
100,msftconnecttest.com
101,sc-cdn.net
102,rocket-cdn.com
103,atomile.com
104,surfshark.com
105,sc-gw.com
106,dropbox.com
107,tiktokv.us
108,appsflyersdk.com
109,rbxcdn.com
110,wsdvs.com
111,samsungcloud.com
112,qlivecdn.com
113,rings.solutions
114,ibyteimg.com
115,appcenter.ms
116,ampproject.org
117,ntppool.org
118,grammarly.com
119,life360.com
120,scdn.co
121,whatsapp.com
122,firetvcaptiveportal.com
123,igamecj.com
124,tdatamaster.com
125,gpubgm.com
126,amsoveasea.com
127,gcloudcs.com
128,gjacky.com
129,v-mate.mobi
130,pubgmobile.com
131,fbsbx.com
132,helpshift.com
133,android.com
134,vungle.com
135,isnssdk.com
136,worldfcdn2.com
137,listdl.com
138,pangle.io
139,likee.video
140,like.video
141,appsflyer.com
142,proximabeta.com
143,twimg.com
144,kzhi.tech
145,imotech.tech
146,vasdgame.com
147,adjust.com
148,byteoversea.com
149,crashlytics.com
150,hzmklvdieo.com
151,shalltry.com
152,wetest.net
153,bigolive.tv
154,imolive2.com
155,capcutapi.com
156,piojm.tech
157,pitaya-clientai.com
158,mtgglobals.com
159,ovscdns.net
160,ttdns2.com
161,samsungapps.com
162,google.com.af
163,byteoversea.net
164,qq.com
165,google.co.ao
166,kaspersky.com
167,lencr.org
168,pubmatic.com
169,msedge.net
170,kaspersky-labs.com
171,opera.com
172,bangcdn.net
173,bidswitch.net
174,eskimi.com
175,scorecardresearch.com
176,clarity.ms
177,avast.com
178,anydesk.com
179,nelreports.net
180,grammarly.io
181,ubnt.com
182,pluto.tv
183,outbrain.com
184,3lift.com
185,demdex.net
186,espn.com
187,adobe.com
188,samsungqbe.com
189,sharethrough.com
190,nflxvideo.net
191,canva.com
192,fast.com
193,fbpigeon.com
194,douyincdn.com
195,unifi-ai.com
196,entrust.net
197,slack.com
198,steamstatic.com
199,akamaihd.net
200,nvidia.com
201,yle.fi
202,discord.com
203,discordapp.com
204,criteo.net
205,mozilla.com
206,steampowered.com
207,cloudflare.net
208,reddit.com
209,gamepass.com
210,adform.net
211,mozilla.net
212,azurewebsites.net
213,brave.com
214,msidentity.com
215,virtualearth.net
216,google.al
217,viber.com
218,p2377odd.com
219,facebook.net
220,rocket-cdnbp.com
221,bytetcdn.com
222,lijit.com
223,ttoverseaus.net
224,openx.net
225,byteglb.com
226,synology.com
227,google.ad
228,adobe.io
229,ubuntu.com
230,amazon.es
231,avcdn.net
232,yandex.net
233,yandex.ru
234,google.ae
235,xiaomi.com
236,googletagservices.com
237,t.co
238,adsafeprotected.com
239,nakheelteam.cc
240,google.com.ar
241,mercadolibre.com
242,mercadolibre.com.ar
243,mrf.io
244,bamgrid.com
245,ttvnw.net
246,newsroom.bi
247,twitch.tv
248,go-mpulse.net
249,onesignal.com
250,mail.ru
251,google.am
252,adjarabet.am
253,hotjar.com
254,livechatinc.com
255,vk.com
256,ok.ru
257,totogaming.am
258,wildberries.ru
259,userapi.com
260,vbet.am
261,yastatic.net
262,wbbasket.ru
263,imgsmail.ru
264,mycdn.me
265,wpadmngr.com
266,phncdn.com
267,tubecup.net
268,wb.ru
269,miui.com
270,adfox.ru
271,stripe.com
272,cloudflareinsights.com
273,mixpanel.com
274,hulu.com
275,google.as
276,intuit.com
277,rlcdn.com
278,launchdarkly.com
279,yimg.com
280,tiktok.com
281,crwdcntrl.net
282,adroll.com
283,pinterest.com
284,google.com.ag
285,tradingview.com
286,media.net
287,weather.com
288,google.com.au
289,imrworldwide.com
290,optimizely.com
291,trendmicro.com
292,3gppnetwork.org
293,intercom.io
294,amazon.de
295,google.at
296,gmx.net
297,sonnenbatterie.de
298,google.az
299,trendyol.com
300,gboxlab.com
301,adriver.ru
302,someapp.link
303,speedtest.net
304,media-amazon.com
305,amazon.ca
306,amazon.it
307,xnxx-cdn.com
308,amazon.fr
309,amazon.co.uk
310,ipinfo.io
311,ssl-images-amazon.com
312,google.bi
313,qantas.com
314,gateio.live
315,smartappnet.net
316,element14.com
317,leroymerlin.pl
318,datadome.co
319,bitstreamonline.net
320,amazontrust.com
321,instacart.com
322,gposts.net
323,cdapp.net
324,newark.com
325,expedia.com.au
326,orbsrv.com
327,google.be
328,vrt.be
329,palmpay.app
330,palmplaystore.com
331,google.bj
332,studiotv.net
333,gateio.im
334,scooper.news
335,hisavana.com
336,aliyuncs.com
337,tiktokv.eu
338,mcafee.com
339,bitdefender.net
340,google.bf
341,pushimg.com
342,lalapush.com
343,coogoanu.net
344,omnatuor.com
345,zemanta.com
346,galepush.net
347,mozgcp.net
348,pepepush.net
349,supapush.net
350,rapepush.net
351,eagllwin.com
352,pushpong.net
353,ahagamecenter.com
354,google.com.bd
355,vivoglobal.com
356,heytapdl.com
357,xhcdn.com
358,allawnos.com
359,freefiremobile.com
360,wikipedia.org
361,heytapmobile.com
362,inmobi.com
363,xzcs3zlph.com
364,wshareit.com
365,bigo.sg
366,tsyndicate.com
367,ggbluefox.com
368,google.bg
369,abv.bg
370,creativecdn.com
371,gemius.pl
372,jsdelivr.net
373,google.com.bh
374,safebrowsing.apple
375,google.bs
376,islandluck.com
377,ring.com
378,xboxlive.com
379,google.ba
380,dotmetrics.rocks
381,dotmetrics.net
382,klix.ba
383,quantserve.com
384,id5-sync.com
385,teads.tv
386,ad.gt
387,cisco.com
388,yahoodns.net
389,my2n.com
390,lenovo.com
391,dropboxapi.com
392,norton.com
393,starlink.com
394,tbcache.com
395,mywellness.com
396,icloud-content.com
397,sonos.com
398,triadts.com
399,crestron.io
400,yandex.by
401,2miners.com
402,google.by
403,mts.by
404,kufar.by
405,telegram.org
406,dzen.ru
407,ya.ru
408,zerkalo.io
409,buzzoola.com
410,google.com.bz
411,atnisolutions.com
412,zoom.us
413,google.com.bo
414,3ghddf123d.com
415,kwai.net
416,google.com.br
417,globo.com
418,kwai-pro.com
419,shopee.com.br
420,kwaipros.com
421,uol.com.br
422,nubank.com.br
423,ap4r.com
424,mythad.com
425,xvideos-cdn.com
426,cashraven.io
427,google.com.bn
428,cloudflareclient.com
429,shopee.com.my
430,iq.com
431,firefox.com
432,mozilla.org
433,google.bt
434,wechat.com
435,openai.com
436,google.co.bw
437,fbsv.net
438,mediatek.com
439,signal.org
440,batch.com
441,google.cf
442,sfx.ms
443,dmcdn.net
444,salesforceliveagent.com
445,dzeninfra.ru
446,matrix.org
447,appspot.com
448,opendns.com
449,googlezip.net
450,google.ca
451,google.ch
452,google.cl
453,mdstrm.com
454,aliexpress.com
455,alicdn.com
456,yximgs.com
457,taobao.com
458,bilibili.com
459,vivo.com.cn
460,tencent-cloud.net
461,douyinliving.com
462,amap.com
463,douyinvod.com
464,dbankcloud.cn
465,amemv.com
466,zijieapi.com
467,kwimgs.com
468,sogou.com
469,meituan.net
470,douyinpic.com
471,ixigua.com
472,360.cn
473,pstatp.com
474,qpic.cn
475,heytapmobi.com
476,hdslb.com
477,snssdk.com
478,163.com
479,the-best-airport.com
480,qq.com.cn
481,sinaimg.cn
482,bilivideo.com
483,hicloud.com
484,kwaicdn.com
485,quark.cn
486,meituan.com
487,dbankcloud.com
488,jd.com
489,etoote.com
490,xiaohongshu.com
491,bdstatic.com
492,tencent.com
493,qlogo.cn
494,bcebos.com
495,mi.com
496,live-voip.com
497,video-voip.com
498,wps.cn
499,biliapi.net
500,ecombdapi.com
501,icloud.com.cn
502,pinduoduo.com
503,gtimg.cn
504,xycdn.com
505,uc.cn
506,umeng.com
507,xhscdn.com
508,inkuai.com
509,ndcpp.com
510,bytedance.com
511,alipay.com
512,bdurl.net
513,aliyun.com
514,sandai.net
515,dianping.com
516,gifshow.com
517,126.net
518,gtimg.com
519,ksapisrv.com
520,xunlei.com
521,kuiniuca.com
522,doh.pub
523,byteimg.com
524,google.ci
525,begmedia.com
526,teamviewer.com
527,google.cm
528,westernunion.com
529,google.cd
530,sporty-tech.net
531,google.cg
532,jagnoans.com
533,congobet.net
534,got-to-be.net
535,google.co.ck
536,amplitude.com
537,nzherald.co.nz
538,gumgum.com
539,withgoogle.com
540,ropro.io
541,unrulymedia.com
542,adsrvr.org
543,indexww.com
544,btloader.com
545,stickyadstv.com
546,google.com.co
547,wattpad.com
548,mangageko.com
549,grpc.stream
550,quran.app
551,googleapis.cn
552,consentframework.com
553,privacy-center.org
554,beyla.site
555,rqmob.com
556,pullcm.com
557,mncdn.com
558,google.cv
559,efatura.cv
560,google.co.cr
561,go.cr
562,google.com.cu
563,mikrotik.com
564,xnxx.com
565,mozaws.net
566,eclastio.com
567,eset.com
568,live.net
569,github.com
570,google.com.cy
571,seznam.cz
572,sdn.cz
573,google.cz
574,im.cz
575,novinky.cz
576,mapy.cz
577,szn.cz
578,cra.cz
579,seznamzpravy.cz
580,adscale.de
581,google.de
582,sonnen.de
583,web.de
584,google.dj
585,nflxso.net
586,tp-link.com
587,outbrainimg.com
588,cdn4image.com
589,truecaller.com
590,flurry.com
591,google.dm
592,sharethis.com
593,loves.com
594,google.dk
595,cookiebot.com
596,dr.dk
597,tv2.dk
598,adnami.io
599,omtrdc.net
600,google.com.do
601,roku.com
602,google.dz
603,google.com.ec
604,google.com.eg
605,partystar.cloud
606,snackvideo.in
607,goldenquran.org
608,bbci.co.uk
609,imo.im
610,fb.com
611,imoim.app
612,mncsv.com
613,wps.com
614,google.es
615,sensic.net
616,richaudience.com
617,delfi.ee
618,google.ee
619,cxense.com
620,google.com.et
621,cb7lvj2ab.link
622,google.fi
623,fsapi.com
624,sanoma-sndp.fi
625,google.com.fj
626,google.fr
627,pbstck.com
628,meethue.com
629,netflix.net
630,google.fm
631,soundcloud.com
632,sndcdn.com
633,nel.goog
634,google.ga
635,inner-active.mobi
636,google.co.uk
637,bbc.co.uk
638,google.ge
639,moviead55.ru
640,adjarabet.com
641,acint.net
642,ge.movie
643,crocobet.com
644,opendsp.ru
645,magsrv.com
646,twilio.com
647,acsechocaptiveportal.com
648,visualstudio.com
649,google.com.gh
650,msport.com
651,google.ru
652,xiaomi.net
653,giphy.com
654,orange.fr
655,spbycdn.com
656,gcdn.co
657,vfsglobal.com
658,cookielaw.org
659,recaptcha.net
660,google.gr
661,glomex.com
662,orangeclickmedia.com
663,adman.gr
664,playstation.com
665,google.gl
666,google.com.gt
667,byteicdn.com
668,tiktokcdn-eu.com
669,epicgames.dev
670,wyzecam.com
671,google.gy
672,tabletcaptiveportal.com
673,google.com.hk
674,google.hn
675,google.hr
676,index.hr
677,connectad.io
678,linker.hr
679,upscore.com
680,midas-network.com
681,supersonicads.com
682,google.ht
683,google.hu
684,shopee.co.id
685,google.co.id
686,shopeemobile.com
687,go.id
688,susercontent.com
689,tokopedia.com
690,mgid.com
691,google.im
692,typekit.net
693,licdn.com
694,google.co.in
695,jiocinema.com
696,voot.com
697,clevertap-prod.com
698,amazon.in
699,paytm.com
700,google.ie
701,yektanet.com
702,iranlms.ir
703,bidmachine.io
704,trademore.com
705,eitaa.ir
706,b-cdn.net
707,aparat.com
708,ea.com
709,sanjagh.com
710,najva.com
711,promizer.com
712,capellare.com
713,bale.ai
714,everestop.io
715,webengage.com
716,tabanweb.com
717,megaan.homes
718,maviss.cfd
719,maxin.beauty
720,morvaner.com
721,inna.cfd
722,maymay.boats
723,melisa.lol
724,michaeli.sbs
725,irene.lat
726,fyber.com
727,lissa.beauty
728,meroiy.icu
729,leee.motorcycles
730,google.iq
731,yalla.games
732,chartbeat.net
733,google.is
734,k5a.io
735,piano.io
736,airserve.net
737,google.co.il
738,ynet.co.il
739,dxmdp.com
740,4dex.io
741,spot.im
742,google.it
743,iubenda.com
744,google.com.jm
745,google.je
746,edgekey.net
747,sophosxl.net
748,wac-msedge.net
749,centrastage.net
750,webex.com
751,sophos.com
752,wbx2.com
753,b-msedge.net
754,google.jo
755,yahoo.co.jp
756,yimg.jp
757,google.co.jp
758,yahooapis.jp
759,ne.jp
760,amazon.co.jp
761,im-apps.net
762,line-scdn.net
763,line-apps.com
764,rakuten.co.jp
765,line.me
766,naver.jp
767,nintendo.net
768,socdm.com
769,adingo.jp
770,google.kz
771,kaspi.kz
772,yandex.kz
773,2gis.com
774,yadro.ru
775,google.co.ke
776,betika.com
777,sportpesa.com
778,google.kg
779,vb24131crasosnemesis.com
780,google.com.kh
781,urban-vpn.com
782,livechat-static.com
783,reasonsecurity.com
784,google.ki
785,featuregates.org
786,mwbsys.com
787,myqnapcloud.io
788,plex.tv
789,plex.direct
790,notion.so
791,beeper.com
792,anz.com
793,google.us
794,messenger.com
795,hellomini.xyz
796,g0-g3t-msg.com
797,yieldmo.com
798,a-mo.net
799,grammarly.net
800,dotomi.com
801,g0-g3t-msg.net
802,newsblur.com
803,abc.net.au
804,filepursuit.com
805,yodo1.com
806,bingapis.com
807,hubspot.com
808,nytimes.com
809,heuristi.ca
810,naver.com
811,pstatic.net
812,kakao.com
813,daum.net
814,daumcdn.net
815,ahnlab.com
816,google.co.kr
817,coupangcdn.com
818,kakaocdn.net
819,kgslb.com
820,nexon.com
821,nheos.com
822,navercorp.com
823,coupang.com
824,pinklander.com
825,afreecatv.com
826,fmkorea.com
827,toss.im
828,dcinside.com
829,riotgames.com
830,tynt.com
831,appier.net
832,sacdnssedge.com
833,naver.net
834,toast.com
835,s-onetag.com
836,riotcdn.net
837,google.com.kw
838,edgesuite.net
839,google.la
840,google.com.lb
841,kaavefali.com
842,transsion-os.com
843,more.buzz
844,boomplaymusic.com
845,google.com.ly
846,adobedtm.com
847,ltwebstatic.com
848,google.li
849,google.lk
850,google.co.ls
851,nsoftcdn.com
852,tawk.to
853,pusher.com
854,simacombet.com
855,google.lt
856,delfi.lt
857,google.lu
858,google.lv
859,inbox.lv
860,tcdnlive.com
861,ks-cdn.com
862,dishanywhere.com
863,google.co.ma
864,fortinet.net
865,surfsharkstatus.com
866,dashlane.com
867,hotmail.com
868,dailymotion.com
869,verisign.com
870,google.md
871,admixer.net
872,google.mg
873,sentinelone.net
874,onlymonster.ai
875,pendo.io
876,onlyfans.com
877,google.mv
878,appboy.com
879,google.com.mx
880,amazon.com.mx
881,gvt3.com
882,moengage.com
883,tlivepush.com
884,myqcloud.com
885,toponadss.com
886,google.mk
887,google.ml
888,google.com.mt
889,bagankeyboard.com
890,amplreq.com
891,baganads.com
892,mytel.com.mm
893,cust-service.com
894,kbzpay.com
895,google.me
896,yandex.com
897,contentexchange.me
898,google.mn
899,khanbank.com
900,joinhoney.com
901,google.co.mz
902,ezmob.com
903,eu.org
904,desync.com
905,dler.org
906,stealth.si
907,i2p.rocks
908,internetwarriors.net
909,explodie.org
910,opentrackr.org
911,harry.lu
912,rarbg.me
913,ip-51-68-199.eu
914,rarbg.to
915,dnsabr.com
916,tiny-vps.com
917,tailscale.com
918,godaddy.com
919,openbittorrent.com
920,opentor.org
921,iptvprivateserver.ru
922,flightradar24.com
923,agip.gob.ar
924,samsungelectronics.com
925,ipvanish.com
926,onlineradiobox.com
927,apple.news
928,me.com
929,amazonvideo.com
930,amazon.dev
931,swannsecurity.com
932,grafana.com
933,loc.gov
934,mobdro.sc
935,mookie1.com
936,nrk.no
937,hermes.com
938,elfhosted.com
939,cornfused.org
940,smaato.net
941,bhaskar.com
942,telegraph.co.uk
943,ultimatestremioaddons.club
944,6sc.co
945,webshare.io
946,abracadabra.ag
947,wordpress.com
948,luckyblock.cc
949,leboncoin.fr
950,google.mu
951,goskope.com
952,google.mw
953,premierbet.com
954,google.com.my
955,google.com.na
956,google.ne
957,l-frii.com
958,flat-ads.com
959,google.com.ng
960,opayweb.com
961,google.com.ni
962,google.nl
963,vg.no
964,tv2.no
965,google.no
966,schibsted.io
967,finn.no
968,schibsted.com
969,api.no
970,medietall.no
971,vgc.no
972,tns-cs.net
973,google.com.np
974,omitech.site
975,hamropatro.com
976,msauth.net
977,google.nr
978,paloaltonetworks.com
979,westpac.com.au
980,foxsports.com.au
981,server-cpanel.com
982,netsuite.com
983,dell.com
984,google.co.zm
985,poki.com
986,1drv.com
987,workforceready.com.au
988,azure-devices.net
989,sophosupd.com
990,google.gp
991,google.ps
992,google.vu
993,google.co.nz
994,likeimo.site
995,google.com.om
996,google.com.pk
997,xhpingcdn.com
998,daraz.pk
999,forter.com
1000,google.com.pa
1001,google.com.pe
1002,sunat.gob.pe
1003,mynt.xyz
1004,shopee.ph
1005,google.com.ph
1006,hp.com
1007,google.com.pg
1008,google.pl
1009,onet.pl
1010,wp.pl
1011,pushpushgo.com
1012,allegro.pl
1013,google.com.pr
1014,pandora.com
1015,google.pt
1016,sapo.pt
1017,google.com.py
1018,adg96kda3f.xyz
1019,08193kadf.xyz
1020,sc-prod.net
1021,google.com.qa
1022,xhamster.com
1023,google.ro
1024,yahoo.net
1025,my.com
1026,mradx.net
1027,avito.ru
1028,tinkoff.ru
1029,avito.st
1030,sberbank.ru
1031,ozon.ru
1032,tns-counter.ru
1033,google.rw
1034,google.com.sa
1035,plmlm.com
1036,musiclike.top
1037,snaptube.app
1038,accuweather.com
1039,rethinkad.com
1040,lookep.com
1041,al-hiwar.com
1042,google.sn
1043,wave.com
1044,google.com.sg
1045,google.com.sb
1046,webrootcloudav.com
1047,google.com.sl
1048,google.com.sv
1049,google.sm
1050,msvdn.net
1051,360yield.com
1052,google.so
1053,konami.net
1054,ibytedtos.com
1055,google.rs
1056,disquscdn.com
1057,rtp.pt
1058,blogger.com
1059,wp.com
1060,google.st
1061,gravatar.com
1062,samsungosp.com
1063,doppiocdn.net
1064,scopely.io
1065,gadf99632rm.xyz
1066,google.sr
1067,google.sk
1068,zoznam.sk
1069,google.si
1070,24ur.si
1071,24ur.com
1072,google.se
1073,svt.se
1074,a2d.tv
1075,applvn.com
1076,sgsnssdk.com
1077,anticheatexpert.com
1078,letspartystar.com
1079,pullcf.com
1080,bitdefender.com
1081,google.tg
1082,google.co.th
1083,shopee.co.th
1084,somon.tj
1085,google.com.tj
1086,vigo.software
1087,google.tm
1088,linkmessenger.me
1089,nicehash.com
1090,adblockplus.org
1091,fwupd.org
1092,ntp-servers.net
1093,e-msedge.net
1094,cityline.com
1095,fontawesome.com
1096,i18n-pglstatp.com
1097,revopush.com
1098,githubusercontent.com
1099,lesta.ru
1100,meraki.com
1101,google.tl
1102,affinity.net
1103,google.to
1104,omnitagjs.com
1105,google.tt
1106,google.tn
1107,pvp.net
1108,google.com.tr
1109,gaterelay.com
1110,wxrly.top
1111,shopee.tw
1112,google.com.tw
1113,hinet.net
1114,google.co.tz
1115,google.co.ug
1116,adtelligent.com
1117,google.com.ua
1118,idealmedia.io
1119,ukr.net
1120,google.com.uy
1121,firebaseio.com
1122,vivint.ai
1123,moatads.com
1124,google.co.uz
1125,uzum.uz
1126,yandex.uz
1127,google.com.vc
1128,ebay.com
1129,google.co.ve
1130,vidoomy.com
1131,google.co.vi
1132,zalo.me
1133,zdn.vn
1134,zadn.vn
1135,zaloapp.com
1136,shopee.vn
1137,google.com.vn
1138,zing.vn
1139,coccoc.com
1140,garena.com
1141,threatseeker.com
1142,xero.com
1143,coralogix.us
1144,domain.name
1145,loina.wf
1146,remotepc.com
1147,google.ws
1148,emsisoft.com
1149,idealpos.com.au
1150,platinumai.net
1151,vipre.com
1152,ttapis.com
1153,tango.me
1154,partying.sg
1155,adsco.re
1156,partyother.com
1157,google.co.za
1158,betway.co.zm
1159,bidr.io
1160,google.co.zw
1161,azurefd.net
1162,armdb.org
1163,amusnet.io
1164,crazyegg.com
1165,amazon.com.br
1166,farnell.com
1167,duckduckgo.com
1168,walmartimages.com
1169,textbookrush.com
1170,xvideos.com
1171,bldrdoc.gov
1172,braze.com
1173,hpeprint.com
1174,dexscreener.com
1175,canalplustech.pro
1176,wix.com
1177,steamcommunity.com
1178,samsungcloudsolution.net
1179,glance-cdn.com
1180,revenuecat.com
1181,sil.org
1182,grindr.mobi
1183,edgecastcdn.net
1184,wootly.ch
1185,bbrdbr.com
1186,alibaba.com
1187,duolingo.com
1188,dropboxusercontent.com
1189,sbixby.com
1190,marathonbet.com
1191,biliapi.com
1192,sm.cn
1193,cardinalcommerce.com
1194,ovh.net
1195,awsdns-26.com
1196,unmsapp.com
1197,anime-sama.me
1198,krxd.net
1199,kobotoolbox.org
1200,weixin.download
1201,aniview.com
1202,etecsa.cu
1203,disqus.com
1204,windscribe.com
1205,fritz.box
1206,globalinterpark.com
1207,nist.gov
1208,branch.io
1209,ushareit.com
1210,tv.fo
1211,aws.dev
1212,queue-it.net
1213,tkt.ge
1214,sky.com
1215,google.gg
1216,google.gm
1217,nssvc.net
1218,xnxxapp01.com
1219,besoccer.com
1220,hihonorcloud.com
1221,ajax.systems
1222,blockdh100b.net
1223,sofascore.com
1224,split.io
1225,strpst.com
1226,jocelyn.beauty
1227,jolie.pics
1228,marary.skin
1229,kotzting.com
1230,marjorie.pics
1231,adwised.com
1232,laurren.icu
1233,eitaa.com
1234,mediaad.org
1235,tapsell.ir
1236,jader.fun
1237,365scores.com
1238,userway.org
1239,mako.co.il
1240,i-mobile.co.jp
1241,me2zengame.com
1242,vmplayer2019.com
1243,vidaahub.com
1244,samsungmax.com
1245,adcolony.com
1246,cinlemhed.top
1247,habboes.top
1248,qnap.com
1249,wooza.top
1250,feedfinder23.info
1251,msftauth.net
1252,yellow-resultsbidder.com
1253,alibabadns.com
1254,mob.com
1255,cdngslb.com
1256,bytedns1.com
1257,elk.zone
1258,youtubepi.com
1259,ymmobi.com
1260,afcdn.net
1261,quillbot.com
1262,xnxxapp02.com
1263,hitomi.la
1264,nsoft.cloud
1265,standardlesothobank.co.ls
1266,wsbetting.co.ls
1267,unpkg.com
1268,opera-api2.com
1269,worldfcdn.com
1270,bitmoji.com
1271,codmwest.com
1272,dealerinspire.com
1273,tct-rom.com
1274,agkn.com
1275,mxplay.com
1276,youngjoygame.com
1277,baganintel.com
1278,google.com.mm
1279,looktv.mn
1280,afferdmail.com
1281,addslice.com
1282,appsport.com
1283,springboardcourses.ie
1284,barry.blog
1285,enterprise.com
1286,honeygain.com
1287,mail.gov.ms
1288,nypost.com
1289,therealnews.com
1290,welt.de
1291,ok4.se
1292,dbankcloud.eu
1293,cedexis-test.com
1294,cbssports.cloud
1295,caribsurf.net
1296,wwsga.me
1297,bytogeticr.com
1298,britishairways.com
1299,bmi-system.com
1300,baplc.com
1301,att.net
1302,ruckuswireless.com
1303,samsungdm.com
1304,xmrig.com
1305,amung.us
1306,adrs.org.cn
1307,video4k.cc
1308,a47b.com
1309,adobecces.com
1310,heroku.com
1311,hgtv.com
1312,intelegridapp.com
1313,activision.com
1314,medscape.org
1315,designmynight.com
1316,mnaspm.com
1317,tf1.fr
1318,l-msedge.net
1319,byte-app.com
1320,go-g3t-msg.com
1321,bet9ja.com
1322,buienradar.nl
1323,home-assistant.io
1324,xhamster1.desi
1325,uisp.com
1326,mex.com.au
1327,sophosxl.com
1328,nrl.com
1329,statuspage.io
1330,realestate.com.au
1331,tamanu-nauru.org
1332,dailymail.co.uk
1333,google.pn
1334,xhdepot.site
1335,dtvott.com
1336,lazada.com.ph
1337,expressapisv2.net
1338,vidplay.online
1339,netgear.com
1340,livescore.com
1341,equinix.com
1342,united.com
1343,bok-sd.com
1344,samsungcloudsolution.com
1345,mediaset.net
1346,mxcontent.net
1347,analytics-data.io
1348,gds53dakgd.xyz
1349,histats.com
1350,udmserve.net
1351,sitescout.com
1352,jwplayer.com
1353,betstarters.cloud
1354,bugsnag.com
1355,likeevideo.ru
1356,autodesk.com
1357,lefigaro.fr
1358,smi2.net
1359,adtwister.me
1360,snapcraft.io
1361,auslgics.com
1362,imoim.net
1363,tmgrup.com.tr
1364,heytapimg.com
1365,eyeo.com
1366,brightcove.com
1367,zencdn.net
1368,arin.net
1369,syncthing.net
1370,cpanel.net
1371,enphaseenergy.com
1372,watchguard.com
1373,superops.ai
1374,rustdesk.com
1375,s-msedge.net
1376,mndsrv.com
1377,aopacloud.sg
1378,xcoinsystem.com
1379,dstv.com
1380,betwayafrica.com
1381,betting.co.zw
1382,flashtalking.com
1383,cloudapp.net
1384,jtvnw.net
1385,msecnd.net
1386,discord.gg
1387,blizzard.com
1388,33across.com
1389,walmart.com
1390,oxylabs.io
1391,prizepicks.com
1392,v3rmillion.net
1393,europcar.com
1394,liadm.com
1395,cricbuzz.com
1396,my3cx.fr
1397,mexc.com
1398,mocortech.com
1399,carriersignal.info
1400,quickconnect.to
1401,seneweb.com
1402,dahuap2pcloud.com
1403,littlecdn.com
1404,cdn.house
1405,visaonline.com
1406,swift.com
1407,anythinktech.com
1408,rainberrytv.com
1409,pinimg.com
1410,jw.org
1411,awsdns-26.org
1412,digitalobjects.co.nz
1413,tamanubeach.com
1414,awsdns-33.co.uk
1415,nanoleaf.me
1416,garenanow.com
1417,allporncomic.com
1418,manhwa18.app
1419,kenyancupid.com
1420,hentaifox.com
1421,addthis.com
1422,aspnetcdn.com
1423,atelierfoundiboina.com
1424,bbwcupid.com
1425,bentomanga.com
1426,ebayimg.com
1427,frscan.ws
1428,hachirumi.com
1429,hwtmanga.com
1430,iconify.design
1431,juicyads.com
1432,leak.xxx
1433,likemanga.io
1434,mangadistrict.com
1435,mangahentai.me
1436,mangakio.com
1437,mangamaniacs.org
1438,mangas-origines.xyz
1439,mgeko.com
1440,openathens.net
1441,pm-img.com
1442,porngo.xxx
1443,quran.com
1444,quranicaudio.com
1445,scan-vf.net
1446,sddan.com
1447,shamtick.com
1448,sharmadthworld.in
1449,streamyard.com
1450,taxismaned.top
1451,terabigyellowmotha.info
1452,tri.media
1453,undertone.com
1454,vlereader.com
1455,0ijvby90.skin
1456,travelocity.com
1457,callofduty.com
1458,codefi.network
1459,gos-gsp.io
1460,shrkar.com
1461,hellay.net
1462,tapjoy.com
1463,google.cn
1464,indazn.com
1465,nflximg.com
1466,ubi.com
1467,fughm.com
1468,xhamster42.desi
1469,josephine.fun
1470,linnda.beauty
1471,lilliane.autos
1472,dxmcdn.com
1473,line.biz
1474,bronze.systems
1475,beeper-tools.com
1476,cell.com
1477,iask.ai
1478,mmstat.com
1479,fastly-edge.com
1480,samba.tv
1481,iceporn.xxx
1482,intercomassets.com
1483,gfx.ms
1484,mdakky.com
1485,msftstatic.com
1486,forlumineoner.com
1487,myvideos.club
1488,ohchr.org
1489,pushflow.net
1490,rnz.co.nz
1491,chatgpt.com
1492,rtbadsmylive.com
1493,bluekai.com
1494,bestcontentfee.top
1495,wpshsdk.com
1496,xg4ken.com
1497,webrootanywhere.com
1498,emb-api.com
1499,betradar.com
1500,booking.com
1501,statsig.com
1502,cdnhwc3.com
1503,ce.it
1504,brandmetrics.com
1505,unrealengine.com
1506,cryptobrowser.site
1507,kargo.com
1508,habby.mobi
1509,ntp-fireos.com
1510,lazada.com.my
1511,svc.ms
1512,seek.com.au
1513,oracle.com
1514,blockdh100c.co
1515,volcfcdndvs.com
1516,mmechocaptiveportal.com
1517,sectigo.com
1518,aninterestinghole.xyz
1519,967sd1f.homes
1520,vod1adly.com
1521,onetrust.com
1522,bit.ly
1523,sme.sk
1524,rtvslo.si
1525,dbankcdn.com
1526,jquery.com
1527,amnew.net
1528,mndlvr.com
1529,samsungknox.com
1530,exp-tas.com
1531,swiftserve.com
1532,canal-plus.com
1533,serving-sys.com
1534,classdojo.com
1535,aftonbladet.se
1536,symcb.com
1537,docker.com
1538,vans.com
1539,onliner.by
1540,quickheal.com
1541,deepl.com
1542,zhihu.com
1543,trellix.com
1544,tapad.com
1545,qualcomm.com
1546,readergen.fr
1547,a-ads.com
1548,spamhaus.org
1549,steamcontent.com
1550,centrum.cz
1551,wzrkt.com
1552,userreport.com
1553,rackcdn.com
1554,dynamicyield.com
1555,statsigapi.net
1556,instructure.com
1557,bog.ge
1558,betlive.com
1559,spotifycdn.com
1560,twitchcdn.net
1561,gouv.fr
1562,index.hu
1563,limericker.com
1564,nancie.beauty
1565,mytimeline-news.com
1566,hulabap.top
1567,researchgate.net
1568,hentaicams.xxx
1569,pushub.net
1570,rayjump.com
1571,pushapi.online
1572,cloudflarestatus.com
1573,atlassian.com
1574,microsoftapp.net
1575,drmgms.com
1576,amp-endpoint2.com
1577,aircanada.com
1578,usabilla.com
1579,trendmicro.co.jp
1580,indiatimes.com
1581,aimtell.com
1582,appscdn.io
1583,b2w.digital
1584,bazaarvoice.com
1585,etsystatic.com
1586,ftcdn.net
1587,homecu.net
1588,honey.io
1589,jwpltx.com
1590,jwpsrv.com
1591,kwaixiaodian.com
1592,luckyblock.top
1593,mexiconewsdaily.com
1594,postrelease.com
1595,privacy-mgmt.com
1596,shopify.com
1597,solvvy.com
1598,the-ozone-project.com
1599,turn.com
1600,contentsquare.net
1601,ovscdns.com
1602,footprintdns.com
1603,google.nu
1604,msg-csw-lenovo.com
1605,google.ms
1606,sophosupd.net
1607,bromium-online.com
1608,adition.com
1609,isappcloud.com
1610,connatix.com
1611,spribegaming.com
1612,rambler.ru
1613,cdnfimgs.com
1614,binance.com
1615,saasexch.com
1616,linkm.me
1617,icq.net
1618,go.tz
1619,rozetka.com.ua
1620,quantummetric.com
1621,slackb.com
1622,adobelogin.com
1623,adnxs-simple.com
1624,paf.com
1625,identrust.com
1626,briox.services
1627,bannerflow.com
1628,slack-edge.com
1629,onetag-sys.com
1630,1cloudhost.net
1631,hln.be
1632,duckdns.org
1633,tunnelbear.com
1634,victronenergy.com
1635,snigelweb.com
1636,firewalla.com
1637,360buyimg.com
1638,weibo.com
1639,msn.cn
1640,pubnative.net
1641,yellowblue.io
1642,adobess.com
1643,pmoxuy.xyz
1644,neocraftstudio.com
1645,nordeus.events
1646,foxnews.com
1647,permutive.app
1648,eu-4-id5-sync.com
1649,presse-citron.net
1650,ebay.com.au
1651,dmxleo.com
1652,deezer.com
1653,contextweb.com
1654,scribd.com
1655,softonic.com
1656,classicseight.com
1657,tappx.com
1658,cedexis.net
1659,cedexis-radar.net
1660,topeleven.com
1661,tpb.party
1662,tsdtocl.com
1663,bootstrapcdn.com
1664,vlebooks.com
1665,autowini.com
1666,akaquill.net
1667,xiti.com
1668,linguee.fr
1669,liveforlifetoday.com
1670,lunamedia.live
1671,mediago.io
1672,mercadolivre.com.br
1673,missena.io
1674,nawpush.com
1675,median.eu
1676,bbc.com
1677,cdnhwc1.com
1678,voanews.com
1679,cspserver.net
1680,trendnet.com
1681,salemove.com
1682,online-metrix.net
1683,itsupport247.net
1684,webapis.sk
1685,telex.hu
1686,martina.quest
1687,nina.bond
1688,novia.makeup
1689,kristin.makeup
1690,ladsp.com
1691,microad.jp
1692,akipress.org
1693,editpad.org
1694,brightcloud.com
1695,a64x.com
1696,static-contents-cdn.com
1697,nwwrtbbit.com
1698,hentaihaven.xxx
1699,druapis.top
1700,free-anatomy-quiz.com
1701,e-planning.net
1702,stackadapt.com
1703,upbit.com
1704,onkakao.net
1705,swisssign.net
1706,7platform.net
1707,delfi.lv
1708,apple-dns.cn
1709,snapkit.com
1710,kwcdn.com
1711,atlassian.net
1712,justencklick.com
1713,mmcdn.com
1714,tumblr.com
1715,nationalpost.com
1716,coinmarketcap.com
1717,camwhores.tv
1718,reuters.com
1719,samsungacr.com
1720,sc-static.net
1721,ads-twitter.com
1722,ssl.com
1723,static.microsoft
1724,svcmot.com
1725,tandfonline.com
1726,iteratehq.com
1727,izatcloud.net
1728,mlb.com
1729,netlify.app
1730,fortiguard.com
1731,picks.my
1732,ravm.tv
1733,rokutime.com
1734,echolink.org
1735,awswaf.com
1736,oxcs.net
1737,splashtop.com
1738,google.sc
1739,ocdn.eu
1740,ozone.ru
1741,galsport.win
1742,wbidder311072023.com
1743,adskeeper.com
1744,bt.co
1745,caroda.io
1746,standardbank.co.sz
1747,da7akni.net
1748,linecorp.com
1749,adtarget.market
1750,ntv.com.tr
1751,fedoraproject.org
1752,detik.com
1753,xfsbb.com
1754,iptvtree.net
1755,ddns.net
1756,midasplayer.cloud
1757,kas-labs.com
1758,churchofjesuschrist.org
1759,lazcdn.com
1760,globalsign.com
1761,mainespirits.com
1762,shein.com
1763,asnapieu.com
1764,encipher.io
1765,startappservice.com
1766,sii.cl
1767,iqiyi.com
1768,onenote.net
1769,bsp.com.pg
1770,smilewanted.com
1771,totallyacdn.com
1772,cnn.com
1773,maureen.autos
1774,christina.quest
1775,adhigh.net
1776,sprig.com
1777,imdn.pics
1778,youku.tv
1779,king.com
1780,w55c.net
1781,freebalance.com
1782,mathtag.com
1783,deepintent.com
1784,hcaptcha.com
1785,oaistatic.com
1786,blick.ch
1787,rakuten.com
1788,adtilt.com
1789,netvisiondvr.com
1790,epicgames.net
1791,firaxislive.net
1792,igg.com
1793,sr7pv7n5x.com
1794,ebaystatic.com
1795,yonmewon.com
1796,tunersports.com
1797,chatgptwriter.ai
1798,biananset.net
1799,avaloncommunities.com
1800,ooklaserver.net
1801,pongbeeu.com
1802,addoncrop.com
1803,mouseflow.com
1804,bikesales.com.au
1805,tailscale.io
1806,llnwi.net
1807,bendigobank.com.au
1808,hotel.de
1809,skoiy.com
1810,mulasport.com
1811,musicdream.club
1812,lk21static.xyz
1813,zscaler.net
1814,patria.org.ve
1815,myob.com
1816,azure.net
1817,theirc.org
1818,pointtoserver.com
1819,starmakerstudios.com
1820,airraro.com
1821,game-mode.net
1822,mi-img.com
1823,vishavideo.com
1824,likeimo.tech
1825,kellie.makeup
1826,abc-cdn.net.au
1827,pushflow.org
1828,ocmhood.com
1829,redd.it
1830,usertrust.com
1831,sonobi.com
1832,bsky.network
1833,pragmaticplaylive.net
1834,sling.com
1835,opecloud.com
1836,capcut.com
1837,s-microsoft.com
1838,segment.com
1839,spectator.co.uk
1840,temu.com
1841,everesttech.net
1842,durationmedia.net
1843,annonces.nc
1844,mangacoin.net
1845,gbwhat.pro
1846,rhino-news.com
1847,acrobat.com
1848,youtube-nocookie.com
1849,hs-banner.com
1850,tokennews.com
1851,amadeus.com
1852,mediaset.it
1853,ngmcasino.com
1854,kurir.rs
1855,southsudanngoforum.org
1856,secureserver.net
1857,google.td
1858,bumlam.com
1859,prmsrvs.com
1860,supercell.com
1861,ria.ru
1862,caping.co.id
1863,cutz.ke
1864,banquepopulaire.fr
1865,t-msedge.net
1866,pafbo.com
1867,lastpass.com
1868,walletconnect.com
1869,character.ai
1870,youversionapi.com
1871,farfetch-contents.com
1872,smartthings.com
1873,gd34fdldh.xyz
1874,notifadz.com
1875,f-secure.com
1876,cdiscount.com
1877,stactive.pro
1878,summitplayer.com
1879,trafficfactory.biz
1880,trafficjunky.net
1881,trustcommander.net
1882,tukif.com
1883,user1st.info
1884,yieldlab.net
1885,goojara.to
1886,ikks.com
1887,jeuneafrique.com
1888,github.io
1889,labonnenouvelle.net
1890,livesports.mobi
1891,adtng.com
1892,p2pengine.net
1893,pornhub.com
1894,clmbtech.com
1895,pushaddict.com
1896,qbox.me
1897,qualtrics.com
1898,rcvlink.com
1899,cdxtodo.com
1900,robesdemarieesnice.fr
1901,score808cc.com
1902,script.ac
1903,cdscdn.com
1904,ey.com
1905,intel.com
1906,browser-intake-datadoghq.com
1907,vodafone.com.ws
1908,reolink.com
1909,track-pod.com
1910,uniathena.com
1911,ebin.pub
1912,vimeo.com
1913,yumpu.com
1914,imgfx03.xyz
1915,ibm.com
1916,otto.de
1917,pardot.com
1918,photobucket.com
1919,pictureworld.co
1920,fuckbookmobile.org
1921,engati.com
1922,refinery89.com
1923,sentry-cdn.com
1924,servingserved.com
1925,cookieless-data.com
1926,sift.com
1927,slideshare.net
1928,smadex.com
1929,tradedoubler.com
1930,uidapi.com
1931,updatemilehigh.com
1932,varify.io
1933,api-push.com
1934,adkernel.com
1935,adguard.com
1936,yalla-shoot-tv.live
1937,ad-delivery.net
1938,mangapill.com
1939,kueezrtb.com
1940,microsofttranslator.com
1941,kampyle.com
1942,jooble.app
1943,nominalline.com
1944,notix.io
1945,mudflapinc.com
1946,tv2api.dk
1947,fotmob.com
1948,ivideon.com
1949,sportybet2.com
1950,bwinners.gm
1951,baixarseriesmp4.pm
1952,jwcuriosidades.com
1953,semasio.net
1954,telavox.com
1955,rb1k7.com
1956,chaya.makeup
1957,kittiy.sbs
1958,lenar.hair
1959,imgslib.link
1960,getcourse.ru
1961,loopme.me
1962,attacheonline.com
1963,sunnbird.com
1964,freefuckvids.com
1965,elfsight.com
1966,banking.trading
1967,polyfill.io
1968,xhamster2.com
1969,sportradar.com
1970,abo2sadam.net
1971,7platform.com
1972,tidal.com
1973,afafb.com
1974,tradepending.com
1975,order.online
1976,square.site
1977,scriptcdn.net
1978,bfmio.com
1979,wikimedia.org
1980,google.vg
1981,betpawa.rw
1982,everydaygiftcards.com.au
1983,myqnapcloud.com
1984,utorrent.com
1985,sascdn.com
1986,openxcdn.net
1987,glbimg.com
1988,acuityplatform.com
1989,dbankcdn.cn
1990,gc.onl
1991,imgot.site
1992,dh01ddfddf.xyz
1993,k7121rf.click
1994,jwpub.org
1995,aaecosystem.com
1996,onedrive.com
1997,flydubai.com
1998,govoyages.com
1999,opodo.fr
2000,traveloka.com
2001,expedia.co.jp
2002,aiv-delivery.net
2003,ipify.org
2004,indeed.com
2005,samsungmdec.com
2006,imgur.com
2007,vidmateapp.store
2008,target.com
2009,owler.com
2010,conviva.com
2011,sshtproject.com
2012,overwolf.com
2013,oculus.com
2014,bwinners.gw
2015,mne.gov.pt
2016,laurel.lol
2017,cheryl.lol
2018,bitwarden.com
2019,fitbit.com
2020,appledaily.com
2021,adsensecustomsearchads.com
2022,sublimetext.com
2023,ip-api.com
2024,lacinhcet.com
2025,abcproxy.vip
2026,yarnpkg.com
2027,force.com
2028,onetravel.com
2029,fengpongshu.com
2030,ebay-us.com
2031,pollllop.com
2032,dhl.com
2033,quoracdn.net
2034,rabbitstream.net
2035,develsoftware.com
2036,corriere.it
2037,bsquared.network
2038,sknvibes.com
2039,strem.io
2040,whatfix.com
2041,aoneroom.com
2042,ricoh.com
2043,bing.net
2044,opensignal.com
2045,alif.cloud
2046,squarespace.com
2047,popin.cc
2048,domaincontrol.com
2049,asana.com
2050,keplr.app
2051,e5.sk
2052,tvexpress.club
2053,adswizz.com
2054,cdn112.com
2055,centreon.com
2056,mangadex.org
2057,nextmillmedia.com
2058,novel-fast.club
2059,luluhypermarket.com
2060,openclassrooms.com
2061,liveinfoupdates.com
2062,pfss-comores.org
2063,linuxquestions.org
2064,presage.io
2065,privacymanager.io
2066,readdetectiveconan.com
2067,redditstatic.com
2068,hs-scripts.com
2069,go-g3t-msg.net
2070,fastclick.net
2071,sourceforge.net
2072,exoclick.com
2073,eltiempo.com
2074,thenetwork18.com
2075,discord.media
2076,digidip.net
2077,vcmdiawe.com
2078,blogspot.com
2079,ahameet.com
2080,mgekocdn.com
2081,zdassets.com
2082,nelonenmedia.fi
2083,tgju.org
2084,divar.ir
2085,varzesh3.com
2086,superplus1.info
2087,kit.edu.ki
2088,kapat.top
2089,rncdn7.com
2090,1rx.io
2091,zoho.com
2092,finncdn.no
2093,relevant-digital.com
2094,google.tk
2095,pih-emr.org
2096,microsoftazuread-sso.com
2097,j5df14dfki.xyz
2098,mu41d93d.xyz
2099,rfihub.com
2100,gameanalytics.com
2101,dhdf851f.click
2102,easy4ipcloud.com
2103,lgfgakyfd.xyz
2104,vitally.io
2105,app-analytics-services.com
2106,discordapp.net
2107,mercadopago.com
2108,norauto.fr
2109,wetransfer.com
2110,ton.ninja
2111,oyster.net.ck
2112,mycloud.com
2113,odoo.com
2114,planet-work.com
2115,goodsync.com
2116,ifconfig.me
2117,portal.fo
2118,21wiz.com
2119,stat-rock.com
2120,adocean.pl
2121,rutarget.ru
2122,zopim.com
2123,vvxi2.com
2124,jindrichuv.com
2125,podbrdy.com
2126,ushow.media
2127,certum.pl
2128,typekit.com
2129,360safe.com
2130,espncricinfo.com
2131,heartland.us
2132,pika01.site
2133,mobilefuse.com
2134,crave.ca
2135,betway.mw
2136,estat.com
2137,mobshark.net
2138,sportybet.com
2139,lexus.jp
2140,masters.com.au
2141,kmj51gtf.com
2142,8bet.co.sz
2143,tizen.org
2144,everhelper.pro
2145,flitespashka.top
2146,betpawa.ug
2147,123c.vn
2148,connexone.co.uk
2149,khz.se
2150,cnpj.ws
2151,gazduire.ro
2152,d000d.com
2153,roqol.io
2154,tsapphiresand.info
2155,rexsrv.com
2156,61zdn1c9.skin
2157,battle.net
2158,mofa.gov.sa
2159,secb2b.com
2160,ucweb.com
2161,mtg-api.com
2162,nicola.pics
2163,6p71hs.top
2164,askdomainad.com
2165,confiant-integrations.net
2166,ntvpforever.com
2167,mega.nz
2168,fleraprt.com
2169,9e4c6b5c4f.com
2170,zenkube.com
2171,slickstream.com
2172,glpals.com
2173,litix.io
2174,liftoff.io
2175,ilovezoona.com
2176,sparkle0.com
2177,google.sh
2178,drkput.com
2179,96ghfgkkd.xyz
2180,mercurybet.com
2181,betwinwins.com
2182,powerbi.com
2183,dalyfeds.com
2184,ileads.com
2185,sanly.tm
2186,infobae.com
2187,mlstatic.com
2188,navyfederal.org
2189,bentley.com
2190,wsp.com
2191,seznamdiskuze.cz
2192,super.cz
2193,nwmnd.com
2194,3g.cn
2195,mitid.dk
2196,sazavou.com
2197,naomir.cfd
2198,channelexco.com
2199,tawdra.top
2200,cirois.top
2201,baobab.com
2202,5paisa.com
2203,plandappsb.com
2204,a9bfed0818.nl
2205,fastlydns.net
2206,powerapps.com
2207,weborama.fr
2208,miwifi.com
2209,zendesk.com
2210,bannerflow.net
2211,openweathermap.org
2212,jivosite.com
2213,primis.tech
2214,www.gov.uk
2215,sshmax.xyz
2216,garmin.com
2217,smartocto.com
2218,dana.id
2219,metuji.com
2220,laurra.cfd
2221,natali.boats
2222,ruv.is
2223,dictionary.com
2224,paypal.com
2225,rapid-cloud.co
2226,oath.com
2227,c8365730d4.nl
2228,starott.com
2229,totalav.com
2230,pneydn.com
2231,pcngil1k.com
2232,pushnami.com
2233,bcvcdn.com
2234,yeastar.com
2235,hrs.com
2236,tesla.services
2237,adgrx.com
2238,cpex.cz
2239,maggiy.shop
2240,lilith.skin
2241,marktred.com
2242,letitia.space
2243,hotjar.io
2244,namu.wiki
2245,castbox.fm
2246,fillr.com
2247,9animetv.to
2248,klaviyo.com
2249,microsoftpersonalcontent.com
2250,adkld164sf.online
2251,phxfeeds.com
2252,g2.com
2253,g2crowd.com
2254,medium.com
2255,appcues.com
2256,osano.com
2257,965gkff.xyz
2258,skytigris.cn
2259,jamfcloud.com
2260,xhwide4.com
2261,tf1info.fr
2262,webflow.com
2263,fongo.com
2264,dropbox-dns.com
2265,steamserver.net
2266,sv0p.com
2267,starkdedi.com
2268,glomex.cloud
2269,lesley.yachts
2270,normae.cfd
2271,bestforxray.buzz
2272,nolra.cyou
2273,blueduckredapple.com
2274,slidesharecdn.com
2275,useinsider.com
2276,tuyaeu.com
2277,topsport.com.au
2278,telogis.com
2279,flightaware.com
2280,keepxh.life
2281,ahcdn.com
2282,js3kdadgd.xyz
2283,mintegral.net
2284,iprom.net
2285,figma.com
2286,ticktick.com
2287,r2.dev
2288,sphera.tools
2289,lookmovie2.to
2290,ac.uk
2291,bsigroup.com
2292,coursera.org
2293,archive.org
2294,owhealth.com
2295,preprod-gcdn.co
2296,go.com
2297,luwdydan.top
2298,abcnews.com
2299,iotcplatform.com
2300,protechts.net
2301,yandexadexchange.net
2302,burtgel.gov.mn
2303,getserra.com
2304,mpcdn.org
2305,biblehelper.net
2306,stripchat.com
2307,bbabes2b.com
2308,wynd.network
2309,kompas.com
2310,csrqoa.com
2311,elobservador.com.uy
2312,1stkiss-manga.com
2313,lgtvsdp.com
2314,pongponghoney.net
2315,bedrock.tech
2316,nos.nl
2317,northghost.com
2318,seedtag.com
2319,kompoz2.com
2320,zappos.com
2321,creative-bars1.com
2322,video-delivery.net
2323,doodcdn.co
2324,fairrel.monster
2325,o3b.net
2326,sb-cd.com
2327,hyvor.com
2328,thejeu.com
2329,l-cdn.com
2330,similarweb.com
2331,bissaugames.net
2332,leilla.makeup
2333,browsiprod.com
2334,scarabresearch.com
2335,skimresources.com
2336,healthline.com
2337,safedk.com
2338,simperium.com
2339,moloco.com
2340,pionex.com
2341,kabutoservices.com
2342,newrelic.com
2343,moodlecloud.com
2344,2ksports.com
2345,apple-cloudkit.com
2346,inrim.it
2347,united.cloud
2348,sportradarserving.com
2349,netcine.vg
2350,341d7293d.xyz
2351,flixtrial.com
2352,mojang.com
2353,queniuaa.com
2354,nordea.fi
2355,atmailcloud.com
2356,peerhub.net
2357,spankbang.com
2358,gartner.com
2359,streamrail.com
2360,uefa.com
2361,harriscity.com
2362,tainsar.com
2363,luilidwm.site
2364,jamankira.com
2365,checkpoint.com
2366,example.org
2367,t-mobile.com
2368,fdown.net
2369,ctnsnet.com
2370,otm-r.com
2371,punchclock.ai
2372,qiniup.com
2373,itslearning.com
2374,giosg.com
2375,nest.com
2376,userpilot.io
2377,stuff.co.nz
2378,xd-tech.org
2379,slideteam.net
2380,trustpilot.com
2381,fr-scan.com
2382,l-agent.me
2383,mega.co.nz
2384,amazon.ae
2385,smartplayapk.cloud
2386,khilei.com
2387,mankadmu.com
2388,scotiatown.com
2389,bamparda.com
2390,ferndaler.com
2391,tilebani.com
2392,holmest.com
2393,baradiha.com
2394,sareikela.com
2395,kinleyville.com
2396,imghst-de.com
2397,rudderstack.com
2398,cashappapi.com
2399,jwpcdn.com
2400,datatables.net
2401,cxc.org
2402,imostatic.com
2403,redditmedia.com
2404,dpgmedia.net
2405,vidazoo.com
2406,waafi.com
2407,africanadvice.com
2408,kalakatha.org
2409,cens.com
2410,nimo.tv
2411,jutarnji.hr
2412,uplynk.com
2413,n-able.com
2414,logicnow.us
2415,taegiscloud.com
2416,hulloooctyls.top
2417,msgamestudios.com
2418,dynamics.com
2419,eutelsat.com
2420,msf.org
2421,cfaocommunity.com
2422,rfi.fr
2423,ipv4only.arpa
2424,ott.pm
2425,travelboutiqueonline.com
2426,cookieinformation.com
2427,rapid7.com
2428,sokovov.com
2429,derapathar.com
2430,unsplash.com
2431,onezapp.com
2432,unity3dusercontent.com
2433,volleyhivepong.com
2434,hivepinger.com
2435,kwaishop.com
2436,ft.com
2437,lgtvcommon.com
2438,carsales.com.au
2439,dbankcloud.asia
2440,hyetrmm.com
2441,vidmatefilm.org
2442,news-cdn.site
2443,infeng.site
2444,vu-ip.xyz
2445,hoory.com
2446,airtable.com
2447,economiaeseguros.com
2448,cloudinary.com
2449,besoccerapps.com
2450,snl24.com
2451,adspower.net
2452,ac.id
2453,almamedia.fi
2454,crunchbase.com
2455,boxsyst.com
2456,max.com
2457,marinetraffic.com
2458,srmdata-us.com
2459,weatherlive.info
2460,shifen.com
2461,google.com.gi
2462,google.cat
2463,etsy.com
2464,allfootballapp.com
2465,ipms247.com
2466,sf-helper.com
2467,apisgoogle.org
2468,czechmate.co.ck
2469,comodo.com
2470,wiserair.com
2471,modengs.net
2472,8888.google
2473,dfaklj.tech
2474,upwitheaway.info
2475,msf-azg.be
2476,hwqloan.com
2477,blackline.com
2478,servicepilot.com
2479,workflowy.com
2480,cfao-e-plateforme.com
2481,mediasite.com
2482,oneidentity.com
2483,service-now.com
2484,avis.fr
2485,cdnbye.com
2486,score808tips.com
2487,eu-1-id5-sync.com
2488,cdnwebcloud.com
2489,pscp.tv
2490,optimove.net
2491,04g8d.com
2492,digikala.com
2493,douyin.com
2494,docker.io
2495,solutech.com
2496,news24.com
2497,runescape.com
2498,bv-tools.com
2499,monetizemyapp.net
2500,irlp.net
2501,emxdgt.com
2502,pub.network
2503,attn.tv
2504,melcloud.com
2505,ifrc.org
2506,echocdn.com
2507,msf.be
2508,dssedge.com
2509,chartbeat.com
2510,rpmweb.ca
2511,eposnowhq.com
2512,ebp.com
2513,ecdnx.com
2514,wac-dc-msedge.net
2515,mediafire.com
2516,tamersunion.org
2517,therarbg.com
2518,akamaized.ca
2519,interia.pl
2520,gazzetta.it
2521,trvdp.com
2522,toptop.net
2523,ladesk.com
2524,jetbrains.com
2525,panpno.com
2526,zhaqby.com
2527,anywhereworks.com
2528,hikeup.com
2529,amazon.com.au
2530,j2inter.com
2531,onelaunch.com
2532,ainivp.com
2533,pantaenius.com
2534,itopsdk.com
2535,olxcdn.com
2536,isxz.tech
2537,seloger.com
2538,commentcamarche.net
2539,proton.me
2540,flashscore.com
2541,skivingepileny.top
2542,rightinbox.com
2543,dehortaval.top
2544,u2e6ch9iyx.com
2545,hakunaymatata.com
2546,tlscontact.com
2547,ixl.com
2548,withbuddies.com
2549,dailyhunt.in
2550,angelbroking.com
2551,btc-net.bg
2552,gigya.com
2553,intercomcdn.com
2554,vmyfaci.xyz
2555,toobm8.com
2556,huawei.com
2557,tokowireless.to
2558,insurads.com
2559,finishline.com
2560,airnewzealand.co.nz
2561,bonzai.co
2562,leptidigital.fr
2563,mydatamanagerapp.com
2564,journeymv.com
2565,mediavine.com
2566,banken.gl
2567,bytefcdn.com
2568,easebar.com
2569,chartboost.com
2570,tracker.ink
2571,bethesda.net
2572,iterable.com
2573,allnovelfull.net
2574,nectarping.com
2575,pandasecurity.com
2576,singbox.sg
2577,jixie.io
2578,servenobid.com
2579,rbx.com
2580,zara.com
2581,coppel.com
2582,rainbird.com
2583,comap.cz
2584,gmslb.net
2585,eachporn.com
2586,nettruyenvv.com
2587,spo-msedge.net
2588,matovide.com
2589,letsmessagenow.com
2590,cloudtrax.com
2591,luminatinet.com
2592,int08h.com
2593,itv.com
2594,04gyp.com
2595,cheqzone.com
2596,dutils.com
2597,symantec.com
2598,tremorhub.com
2599,jawaker.com
2600,ks-live.com
2601,wt-eu02.net
2602,hubhc.com
2603,mailshell.net
2604,channel4.com
2605,tempdatacenter.company
2606,kamiyami1.xyz
2607,dtscout.com
2608,blogblog.com
2609,fcdn.info
2610,empornium.sx
2611,suribet.sr
2612,brdtnet.com
2613,ajay.app
2614,preyproject.com
2615,tplinkcloud.com
2616,hev6hslh.click
2617,captcha-delivery.com
2618,hath.network
2619,coursera.support
2620,hentaihand.com
2621,ysscores.com
2622,permutive.com
2623,tenjin.com
2624,streamfeed247.com
2625,people.com
2626,flathub.org
2627,dianomi.com
2628,csolutionscorp.com
2629,batimes.com.ar
2630,arubainstanton.com
2631,dishaccess.tv
2632,pikabu.ru
2633,pubmnet.com
2634,quantcount.com
2635,forebet.com
2636,pacloudflare.com
2637,ucloud.com.cn
2638,telephony.goog
2639,premierbet.co.ao
2640,cmsbetconstruct.com
2641,coinbase.com
2642,worldtimeapi.org
2643,manjaro.org
2644,hamspots.net
2645,citrix.com
2646,playit2019.com
2647,kgns1.com
2648,gub.uy
2649,nws.ai
2650,jbl10086.com
2651,dialoguecorp.co
2652,avnet.com
2653,manhuascan.com
2654,pnet.co.za
2655,mopub.com
2656,readictnovel.com
2657,monkey.cool
2658,ddarknetmarketonion.com
2659,lumtest.com
2660,storygize.net
2661,stripe.network
2662,leparisien.fr
2663,admanmedia.com
2664,forestponghon.com
2665,bnpparibas.net
2666,tealiumiq.com
2667,wpad.net
2668,shelljacket.us
2669,softether-network.net
2670,ialicdn.com
2671,mparticle.com
2672,awmdm.com
2673,anrowstore.co
2674,nwemnd.com
2675,stoiximan.gr
2676,dialog.lk
2677,pandora.digital
2678,gotinder.com
2679,bstatic.com
2680,amazon.sa
2681,ib-ibi.com
2682,windy.com
2683,flashjoin.net
2684,feishu.cn
2685,netease.com
2686,wpscdn.cn
2687,enamad.ir
2688,ac.ir
2689,tamin.ir
2690,beepinging.org
2691,netteller.com
2692,erome.com
2693,aiv-cdn.net
2694,bitglass.com
2695,theplaylist.net
2696,adotmob.com
2697,googleoptimize.com
2698,france24.com
2699,kahoot.it
2700,e-volution.ai
2701,pitchfork.com
2702,cbsnews.com
2703,returnyoutubedislikeapi.com
2704,bgpmsr.co
2705,betweendigital.com
2706,smartadblocker.com
2707,smh.com.au
2708,directindustry.com
2709,likee.com
2710,turkmenistanairlines.tm
2711,gositecdn.cn
2712,hepsiburada.com
2713,movetv.com
2714,oppomobile.com
2715,pa.sm
2716,conde.digital
2717,themoviedb.org
2718,picta.cu
2719,moneroocean.stream
2720,uribl.com
2721,datto.com
2722,yg5sjx5kzy.com
2723,tabnine.com
2724,c6gj-static.net
2725,tmdb.org
2726,parsely.com
2727,dable.io
2728,isprog.com
2729,vid142.site
2730,egami.top
2731,englishworksheetsland.com
2732,magazine.co.uk
2733,redgifs.com
2734,usgs.gov
2735,weebly.com
2736,cococut.net
2737,lazada.sg
2738,taigux6h.com
2739,nuplink2.net
2740,flysafair.co.za
2741,ionos.fr
2742,isc.org
2743,convert-unix-time.com
2744,nwsvr1.com
2745,web-help.tv
2746,av380.net
2747,ouedkniss.com
2748,awsglobalaccelerator.com
2749,banterbubbles.com
2750,daraz.lk
2751,coloros.com
2752,vimeocdn.com
2753,sina.com.cn
2754,weibocdn.com
2755,sinajs.cn
2756,tinypass.com
2757,iol.pt
2758,ipredictive.com
2759,ebxcdn.com
2760,cloud.microsoft
2761,goftino.com
2762,aptoma.no
2763,codigo.se
2764,yango.com
2765,ebay.it
2766,pubtech.ai
2767,app-analytics-services-att.com
2768,xnxxapp03.com
2769,digitaloceanspaces.com
2770,segment.io
2771,miniclippt.com
2772,t.me
2773,as.com
2774,wavebrowser.co
2775,accfarm2.com
2776,zeotap.com
2777,deb-multimedia.org
2778,hupu.com
2779,mixcloud.com
2780,paa-reporting-advertising.amazon
2781,playerinfinite.com
2782,fastadsonline.com
2783,eonline.com
2784,rqtrk.eu
2785,emag.ro
2786,zhimg.com
2787,agora.io
2788,mobiuspace.net
2789,liftoff-creatives.io
2790,gigaset.net
2791,bestbet.bet
2792,7tv.app
2793,hm.com
2794,indmoney.com
2795,getpocket.com
2796,picsart.com
2797,geoipcheck.com
2798,mapbox.com
2799,tubi.io
2800,miro.com
2801,xnxxapp04.com
2802,tusass.gl
2803,salesforce.com
2804,pagesjaunes.fr
2805,mynetname.net
2806,liveperson.net
2807,lpsnmedia.net
2808,rise-fuji.com
2809,cafebazaar.ir
2810,tech.vi
2811,lilithgame.com
2812,lansweeper.com
2813,staticec.com
2814,in.fo
2815,allawntech.com
2816,glennr.nl
2817,10gen.cc
2818,simply.com
2819,whoop.com
2820,iper2.com
2821,falabella.com.co
2822,venture-365-inspired.com
2823,mercari.jp
2824,narvar.com
2825,oriflame.com
2826,papermart.com
2827,istingy.com
2828,scene7.com
2829,uracilshurtles.top
2830,vnpt.vn
2831,dzcdn.net
2832,auteltech.net
2833,skymavis.com
2834,plug.it
2835,bankofmaldives.com.mv
2836,seekingalpha.com
2837,beforward.jp
2838,bb569.com
2839,spark.re
2840,ariesbee.com
2841,thedailybeast.com
2842,wired.com
2843,pragmaticplay.net
2844,ra3ncmyg1p.com
2845,ecapsorea.click
2846,bostonglobe.com
2847,lazada.co.th
2848,talkie-ai.com
2849,ggc1o2diggd.com
2850,haddf523dd.com
2851,kcxfsfdkds.com
2852,trkn.us
2853,crsspxl.com
2854,phallicbedsore.com
2855,gog.com
2856,grandstream.com
2857,opera.software
2858,getui.com
2859,clover.com
2860,microsoftcasualgames.com
2861,phicdn.net
2862,nautile.nc
2863,zjcdn.com
2864,lenny-app.com
2865,alice.it
2866,animescomix.com
2867,yahoohealth.com
2868,sisu.ai
2869,youlocate.com
2870,mitel.com
2871,webhuset.no
2872,cyactive.com
2873,tacitnetworks.com
2874,lolnationals.com
2875,asdatoyou.com
2876,beirutrecipes.com
2877,brightcove.net
2878,dokumenten-portal.online
2879,mcas.ms
2880,perfectteamakers.com
2881,gdwd177bjg.xyz
2882,84j42d1.click
2883,xtendhealthcare.net
2884,cgi-yahoo.us
2885,marksandspencer.in
2886,animesonline.nz
2887,cloud.com
2888,fijiairways.com
2889,cambiumnetworks.com
2890,heroictec.com
2891,im-gb.com
2892,ooreka.fr
2893,quad9.net
2894,fitanalytics.com
2895,neobits.com
2896,logitech.com
2897,state.gov
2898,masala.sh
2899,opera-mini.net
2900,gbets.co.ls
2901,userflow.com
2902,francetvinfo.fr
2903,pafbo-ci.com
2904,atl-paas.net
2905,logitech.io
2906,cloudfunctions.net
2907,opti-digital.com
2908,aticdn.net
2909,msi.com
2910,fullxh.com
2911,icanhazip.com
2912,wpscdn.com
2913,earthviewmaps.net
2914,pushauction.com
2915,myfonts.net
2916,narrative.io
2917,digicelgroup.com
2918,rabby.io
2919,aniwave.to
2920,shop.app
2921,usedirect.com
2922,vi-serve.com
2923,wa.me
2924,yahoosandbox.com
2925,hermes.cn
2926,ilsole24ore.com
2927,laposte.fr
2928,islcollective.com
2929,xl.pt
2930,feednews.com
2931,vtex.com
2932,zhengrig.com
2933,nordvpn.com
2934,ksyuncdn.com
2935,velocityweather.com
2936,iqm.com
2937,braze.eu
2938,tbconline.ge
2939,ekstrabladet.dk
2940,2gis.ru
2941,ukyuh.tech
2942,betcoswarm.com
2943,cleverwebserver.com
2944,tanki.su
2945,knassar.fo
2946,exodus.io
2947,vodafone.cz
2948,hulustream.com
2949,abola.pt
2950,languagetoolplus.com
2951,imdb.com
2952,larkplayerapp.com
2953,ichancy.com
2954,webvisor.com
2955,griffith.edu.au
2956,manga18fx.com
2957,logicyel.com
2958,mfadsrvr.com
2959,tiqcdn.com
2960,bounceexchange.com
2961,pilotflyingj.com
2962,iterwebcms.com
2963,looka.com
2964,glanceapis.com
2965,quizlet.com
2966,yummly.com
2967,admantx.com
2968,clean.gg
2969,iqzone.com
2970,ripe.net
2971,unssc.org
2972,usatoday.com
2973,news.com.au
2974,letsencrypt.org
2975,fb-t-msedge.net
2976,wonderpush.com
2977,sucursalelectronica.com
2978,nexx360.io
2979,cpx.to
2980,radiotime.com
2981,falabella.com
2982,regentgrandvalley.com
2983,brid.tv
2984,poe.com
2985,ftven.fr
2986,px-cloud.net
2987,playfamily.ru
2988,bstats.org
2989,vps-vids.com
2990,fivem.net
2991,proxy-seller.io
2992,itvhotline.info
2993,rtmark.net
2994,usgovcloudapi.net
2995,yomeno.xyz
2996,spigotmc.org
2997,erlyvideo.org
2998,xtremepush.com
2999,appgenradio.com
3000,2yha.com
3001,x.com
3002,kugou.com
3003,toutiaoapi.com
3004,kspkg.com
3005,amp-endpoint3.com
3006,arubanetworks.com
3007,spark.co.nz
3008,cloudpanel.io
3009,megogo.net
3010,glennmerchant.com
3011,dssott.com
3012,napps-2.com
3013,hddbdfd7vo.com
3014,bv2fgdsdjgb.com
3015,pow7.com
3016,internet.fo
3017,telewebion.com
3018,tavoos.net
3019,streamzon.net
3020,equiptmullein.top
3021,synology.me
3022,wysistat.com
3023,3cx.com
3024,pika19.site
3025,push-sender.com
3026,tpgateway.gov.sg
3027,stardustgod.com
3028,crisp.chat
3029,shareaholic.net
3030,flickr.com
3031,sgmbocast.com
3032,partystar.chat
3033,avira.com
3034,tnaflix.com
3035,xinheyi.net
3036,inschool.fi
3037,analytics-helper.com
3038,syt.cc
3039,libero.it
3040,ayoba.me
3041,sapo.io
3042,intrack.ir
3043,diabolocom.com
3044,1password.com
3045,toawhulo.com
3046,dsp-redirect.com
3047,tribalfusion.com
3048,0cf.io
3049,unbreakable.live
3050,nordcdn.com
3051,urbanairship.com
3052,rudderlabs.com
3053,todamateria.com.br
3054,chimukappa.com
3055,pippio.com
3056,zog.link
3057,pushapitracker.com
3058,go-g3t-push.net
3059,admangrauc.com
3060,pontem.network
3061,img-static.com
3062,canireachthe.net
3063,notifpush.com
3064,cowtpvi.com
3065,onaudience.com
3066,leerolymp.com
3067,yescoin.gold
3068,jetblue.com
3069,singular.net
3070,volceapplog.com
3071,chinanetcenter.com
3072,onethingpcs.com
3073,ikman.lk
3074,dgsecure.com
3075,zscalertwo.net
3076,exelator.com
3077,mv33dabcd.site
3078,khoros.com
3079,chatgte.com
3080,brcdn.live
3081,onegamer.com.br
3082,cdnagora33.com
3083,betway.com
3084,gameassists.co.uk
3085,siol.net
3086,voicemaker.media
3087,immomo.com
3088,soulchill.live
3089,growingio.com
3090,p-cdn.us
3091,arcgis.com
3092,a79ab95c1589a13f8a4cab612bc71f9f7.com
3093,somon.in
3094,geotrust.com
3095,ampproject.net
3096,gammaplatform.com
3097,citaconsular.es
3098,videomate.mobi
3099,bytelb.com
3100,shodan.io
3101,hamsterkombat.io
3102,redislabs.com
3103,publpush.com
3104,trololopush2023push.com
3105,cohawaut.com
3106,o3bnetworks.net
3107,webmd.com
3108,heapanalytics.com
3109,zwyr157wwiu6eior.com
3110,wordtune.com
3111,al-array.com
3112,premiumpowers.net
3113,thesaurus.com
3114,prvc.io
3115,microsoft.net
3116,shopifycs.com
3117,accessta.com
3118,egeemsob.com
3119,ncbal.com
3120,verkkokauppa.com
3121,airbnb.com
3122,kxcdn.com
3123,outbrain.org
3124,appconsent.io
3125,pa1mstore.com
3126,fedapush.net
3127,eyeota.net
3128,ui-portal.de
3129,outbyteapp.com
3130,youradexchange.com
3131,servedbyadbutler.com
3132,kringvarp.fo
3133,zula.ir
3134,wemuslim.com
3135,beeproxies.com
3136,dramaboxdb.com
3137,myunidays.com
3138,zeasn.tv
3139,screenconnect.com
3140,jdgroupmesh.cloud
3141,didiglobal.com
3142,wellfound.com
3143,sense.com
3144,catcat-123.com
3145,aljazeera.com
3146,afilias-nst.info
3147,wowza.com
3148,vmware.com
3149,whirgaki.net
3150,techlab-cdn.com
3151,blsspainglobal.com
3152,mywot.com
3153,evernote.com
3154,tenor.co
3155,pika16.site
3156,rockstargames.com
3157,xtracloud.net
3158,luckyblock.com
3159,audiomack.com
3160,kapuwashop.com
3161,ivi.tv
3162,ispot.tv
3163,euronews.com
3164,expedia.com
3165,allrecipes.co.uk
3166,variety.com
3167,quora.com
3168,nation.co.ke
3169,appmax.tech
3170,mangafire.to
3171,tetr.io
3172,ru.com
3173,cosmic-scans.com
3174,npasyria.com
3175,azmanga.net
3176,whatsplus.online
3177,ravenminer.com
3178,hollywoodbets.net
3179,ceskatelevize.cz
3180,google.com.nf
3181,circleci.com
3182,thetvdb.com
3183,amunfezanttor.com
3184,savefrom.net
3185,bilibili.tv
3186,chinamobile.com
3187,posthog.com
3188,nordaccount.com
3189,livekit.cloud
3190,mbbcdn.com
3191,trk-keingent.com
3192,ld2e423gd.xyz
3193,ivaws.com
3194,springserve.com
3195,rkdms.com
3196,opera-api.com
3197,iadvize.com
3198,producthunt.com
3199,flussonic.cloud
3200,it-helper.dk
3201,tflite.com
3202,ocpdata.org
3203,cubadebate.cu
3204,monstat.com
3205,mercadolibre.com.uy
3206,openstreetmap.org
3207,homecenter.com.co
3208,logmein.com
3209,imikimi.com
3210,dynatrace.com
3211,adsmoloco.com
3212,dof6.com
3213,blimpip.xyz
3214,dsxtr.xyz
3215,gsecurecontent.com
3216,wnt-some-push.net
3217,huaflix.com
3218,immobilienscout24.de
3219,bgeneral.com
3220,twibida.com
3221,mimecast.com
3222,fixedmatch.biz
3223,clickagy.com
3224,goonernews.com
3225,jsmsat.com
3226,swiftkey.com
3227,samsung-dict.com
3228,pix-cdn.org
3229,ittv.com.br
3230,notifypicture.info
3231,dailyforecast.net
3232,timesofmalta.com
3233,stbid.ru
3234,dingtalk.com
3235,govt.nz
3236,a-mx.com
3237,ad4m.at
3238,drweb.com
3239,tapswap.club
3240,ecapital.com
3241,usercentrics.eu
3242,ciuvo.com
3243,auspost.com.au
3244,untangle.com
3245,gdms.cloud
3246,progameguides.com
3247,resetdigital.co
3248,anonymised.io
3249,fluxpools.net
3250,jup.ag
3251,infolinks.com
3252,sermitsiaq.ag
3253,pddpic.com
3254,etoro.com
3255,jwplatform.com
3256,bidgear.com
3257,indilogic.com
3258,harimanga.com
3259,serverbid.com
3260,simpli.fi
3261,mycdn.live
3262,aquamq.com
3263,imperiodabritannia.com
